m,seed,qno,req_skills,obj_value_simple,obj_value_BB,team_simple,team_BB,simple_time,BB_time
4,1,396,"[0, 10, 23, 24]",0.952,0.952,"[80, 212]","[80, 212]",9.197016716003418,1.7870006561279297
4,2,347,"[6, 16, 21, 22]",0.986,0.986,"[24, 170]","[24, 170]",2.424968242645264,1.558105230331421
4,3,291,"[10, 12, 15, 23]",0.879,0.879,"[58, 232]","[58, 232]",2.991909503936768,1.3147852420806885
4,4,383,"[3, 18, 24, 26]",2.963,2.963,"[52, 77, 248]","[52, 77, 248]",9.192088603973389,2.294884443283081
4,5,415,"[0, 9, 25, 26]",1.967,1.967,"[35, 129]","[35, 129]",9.017288446426392,1.750814437866211
4,6,364,"[6, 17, 20, 25]",1.96,1.96,"[31, 219]","[31, 219]",6.020776510238648,1.5639619827270508
4,7,216,"[4, 10, 12, 25]",0.0,0.0,[8],[8],0.3366513252258301,0.6922616958618164
4,8,420,"[1, 6, 15, 19]",2.921,2.921,"[76, 174]","[76, 174]",2.807509422302246,1.647008180618286
4,9,416,"[0, 1, 9, 25]",7.922,7.922,"[171, 227, 305]","[171, 227, 305]",9.570410013198853,16.644710063934326
4,10,384,"[0, 7, 20, 21]",0.969,0.969,"[31, 262]","[31, 262]",8.23464059829712,1.892532587051392
4,11,278,"[0, 4, 12, 13]",0.971,0.971,"[80, 145]","[80, 145]",2.4720168113708496,1.074953317642212
4,12,342,"[3, 7, 15, 21]",0.944,0.944,"[37, 107]","[37, 107]",0.4634959697723388,1.3170044422149658
4,13,230,"[0, 1, 4, 25]",5.898,5.898,"[94, 195]","[94, 195]",1.196946620941162,0.8282308578491211
4,14,517,"[2, 7, 19, 20]",0.0,0.0,[58],[58],15.117355346679688,2.5747365951538086
4,15,242,"[3, 4, 13, 15]",0.866,0.866,"[9, 60]","[9, 60]",1.7913925647735596,0.8980824947357178
4,16,412,"[0, 11, 15, 19]",0.365,0.365,"[54, 73]","[54, 73]",8.016855955123901,1.6858649253845217
4,17,184,"[15, 20, 22, 25]",1.959,1.959,"[131, 179]","[131, 179]",0.8509490489959717,0.6885876655578613
4,18,278,"[4, 7, 14, 15]",0.908,0.908,"[51, 130]","[51, 130]",2.877413272857666,1.096851110458374
4,19,454,"[0, 6, 12, 14]",0.0,0.0,[216],[216],12.427645921707152,1.920982837677002
4,20,336,"[1, 10, 17, 19]",5.842,5.842,"[60, 65, 147]","[60, 65, 147]",1.492931604385376,1.6170718669891355
4,21,164,"[17, 20, 21, 25]",3.843,3.843,"[27, 107]","[27, 107]",0.6921725273132324,0.6445345878601074
4,22,689,"[5, 6, 13, 16]",0.0,0.0,[129],[129],95.52766704559326,4.456526279449463
4,23,658,"[8, 12, 16, 18]",0.0,0.0,[317],[317],81.85258197784424,4.822157859802246
4,24,439,"[0, 1, 18, 19]",2.921,2.921,"[83, 188]","[83, 188]",23.118529796600345,2.422107458114624
4,25,302,"[18, 20, 23, 25]",1.962,1.962,"[30, 212]","[30, 212]",0.9868957996368408,2.110015630722046
4,26,718,"[5, 6, 15, 18]",0.365,0.365,"[98, 136]","[98, 136]",121.67671298980711,4.421271800994873
4,27,468,"[7, 12, 16, 19]",0.904,0.904,"[17, 23]","[17, 23]",22.662166833877563,2.1512885093688965
4,28,382,"[0, 2, 18, 21]",0.98,0.98,"[37, 352]","[37, 352]",11.746334791183472,1.681250810623169
4,29,357,"[0, 10, 22, 23]",0.988,0.988,"[11, 207]","[11, 207]",10.37794065475464,1.5873780250549316
4,30,399,"[4, 6, 16, 20]",0.785,0.785,"[20, 49]","[20, 49]",16.524226188659668,1.9694838523864744
4,31,426,"[9, 12, 16, 21]",1.927,1.927,"[15, 108]","[15, 108]",15.56486964225769,1.9139962196350095
4,32,261,"[1, 10, 14, 20]",2.95,2.95,"[118, 149]","[118, 149]",3.6641416549682617,1.0419697761535645
4,33,243,"[3, 12, 15, 26]",2.808,2.808,"[12, 191, 193]","[12, 191, 193]",2.772486448287964,1.0232257843017578
4,34,687,"[5, 6, 13, 24]",0.0,0.0,[377],[127],134.0145628452301,5.63121223449707
4,35,245,"[13, 14, 17, 18]",0.954,0.954,"[52, 72]","[52, 72]",4.488387107849121,1.2193846702575684
4,36,347,"[0, 11, 16, 20]",0.969,0.969,"[282, 311]","[282, 311]",8.813179731369019,1.980541944503784
4,37,626,"[5, 11, 17, 26]",0.923,0.923,"[12, 99]","[12, 99]",83.66054177284241,3.800846099853516
4,38,615,"[4, 5, 15, 26]",0.943,0.943,"[11, 259]","[11, 259]",85.87469577789307,3.689451694488525
4,39,353,"[13, 15, 16, 19]",0.0,0.0,[65],[65],8.52805471420288,2.23109769821167
4,40,354,"[12, 19, 20, 26]",1.993,1.993,"[124, 205]","[56, 124]",8.262895345687866,2.0380609035491943
4,41,458,"[6, 10, 19, 26]",0.936,0.936,"[78, 364]","[78, 364]",12.364909172058104,1.7311301231384275
4,42,226,"[7, 17, 22, 25]",1.958,1.958,"[23, 43]","[23, 43]",1.0139987468719482,0.7491073608398438
4,43,377,"[13, 15, 18, 19]",0.365,0.365,"[58, 73]","[58, 73]",7.16599440574646,1.3880150318145752
4,44,313,"[12, 19, 21, 26]",5.937,5.937,"[25, 112, 244]","[25, 112, 244]",2.321002960205078,1.847628116607666
4,45,470,"[6, 9, 21, 26]",1.974,1.974,"[27, 161]","[27, 161]",14.11793303489685,1.783048391342163
4,46,393,"[0, 7, 20, 22]",0.953,0.953,"[116, 319]","[116, 319]",9.222001314163208,1.4927687644958496
4,47,681,"[5, 13, 19, 20]",0.0,0.0,[24],[24],73.13154411315918,6.924399375915527
4,48,721,"[5, 7, 14, 21]",0.0,0.0,[626],[626],32.25014138221741,6.562713146209717
4,49,304,"[1, 6, 24, 26]",2.976,2.976,"[52, 134]","[52, 134]",4.209864616394043,1.40191388130188
4,50,342,"[4, 7, 18, 20]",0.983,0.983,"[193, 325]","[193, 325]",1.7352216243743896,2.896336078643799
6,1,420,"[0, 1, 4, 10, 23, 24]",8.886,8.886,"[83, 190, 414]","[83, 190, 414]",8.287945985794067,3.438035726547241
6,2,418,"[1, 6, 14, 16, 21, 22]",10.892,10.892,"[81, 181, 366]","[81, 181, 366]",7.999809741973877,1.99251651763916
6,3,386,"[2, 10, 12, 15, 17, 23]",0.879,0.879,"[69, 298]","[69, 298]",6.841524362564087,1.6740775108337402
6,4,522,"[3, 6, 17, 18, 24, 26]",4.92,4.92,"[96, 409]","[96, 409]",27.66511559486389,2.346099853515625
6,5,701,"[0, 8, 9, 20, 25, 26]",1.967,1.967,"[60, 222]","[60, 222]",14.147216320037842,3.926347017288208
6,6,425,"[6, 16, 17, 20, 22, 25]",3.957,3.957,"[227, 337]","[227, 337]",14.530794858932495,2.0807876586914062
6,7,675,"[4, 5, 10, 11, 12, 25]",0.879,0.879,"[237, 280]","[237, 280]",85.2430260181427,3.20105504989624
6,8,511,"[1, 6, 15, 19, 22, 23]",9.721,9.721,"[95, 215, 350]","[95, 215, 350]",25.485674619674683,23.20939064025879
6,9,471,"[0, 1, 9, 12, 17, 25]",8.841000000000001,8.841000000000001,"[197, 199, 442]","[197, 199, 442]",20.476441383361816,2.1711928844451904
6,10,479,"[0, 7, 11, 20, 21, 23]",3.963,3.963,"[62, 329]","[62, 329]",31.292818069458008,2.9905173778533936
8,1,640,"[0, 1, 4, 9, 10, 18, 23, 24]",8.886,8.886,"[121, 276, 633]","[121, 276, 633]",57.97732663154602,4.21257758140564
8,2,487,"[0, 1, 6, 14, 16, 21, 22, 26]",15.815,15.815,"[81, 90, 212, 424]","[81, 90, 212, 424]",14.697501420974731,2.676896095275879
8,3,738,"[2, 5, 10, 12, 15, 16, 17, 23]",2.749,2.749,"[120, 601, 721]","[120, 601, 721]",89.19343137741089,5.511330604553223
8,4,783,"[3, 6, 8, 12, 17, 18, 24, 26]",6.865,6.865,"[118, 266, 629]","[118, 266, 629]",207.8578948974609,9.12187957763672
8,5,715,"[0, 2, 8, 9, 15, 20, 25, 26]",2.923,2.923,"[12, 63]","[12, 63]",161.58997130393982,7.409574270248413
8,6,743,"[4, 5, 6, 16, 17, 20, 22, 25]",4.76,4.76,"[17, 533, 598]","[17, 533, 598]",140.45695662498474,12.345431804656982
8,7,735,"[4, 5, 10, 11, 12, 14, 24, 25]",1.9,1.9,"[96, 312]","[96, 312]",96.2466459274292,9.466248512268066
8,8,546,"[1, 6, 13, 15, 19, 22, 23, 24]",9.721,9.721,"[101, 231, 373]","[101, 231, 373]",29.472665786743164,4.308705568313599
8,9,520,"[0, 1, 9, 11, 12, 17, 22, 25]",10.833,10.833,"[215, 217, 398]","[215, 217, 398]",25.581600427627563,3.3616535663604736
8,10,556,"[0, 7, 10, 11, 16, 20, 21, 23]",4.922,4.922000000000001,"[42, 61, 350]","[42, 61, 350]",48.60641551017761,4.959789514541626
10,1,696,"[0, 1, 4, 9, 10, 14, 16, 18, 23, 24]",10.674,10.674,"[303, 594, 689]","[303, 594, 689]",71.59795784950256,5.298321723937988
10,2,572,"[0, 1, 3, 6, 10, 14, 16, 21, 22, 26]",18.704,18.704,"[97, 183, 251, 487]","[97, 183, 251, 487]",31.815985202789307,4.788307905197144
10,3,768,"[2, 3, 5, 10, 12, 15, 16, 17, 21, 23]",8.509,8.509,"[127, 553, 624]","[127, 553, 624]",163.11687684059143,12.689691543579102
10,4,802,"[3, 6, 8, 12, 17, 18, 19, 21, 24, 26]",13.733,13.733,"[53, 273, 630, 645]","[53, 273, 630, 645]",191.05768728256223,21.486475944519043
10,5,748,"[0, 1, 2, 6, 8, 9, 15, 20, 25, 26]",13.793,13.793,"[12, 66, 312]","[12, 66, 312]",144.37427926063538,6.303519487380981
10,6,747,"[4, 5, 6, 13, 16, 17, 20, 22, 25, 26]",12.76,12.760000000000002,"[110, 214, 244, 315]","[110, 214, 244, 315]",157.93545937538147,21.6031334400177
10,7,864,"[4, 5, 8, 10, 11, 12, 14, 20, 24, 25]",2.965,2.965,"[176, 362, 724]","[176, 362, 724]",210.15966629981995,6.68313193321228
10,8,729,"[1, 6, 8, 10, 13, 15, 19, 22, 23, 24]",9.721,9.721,"[138, 309, 504]","[138, 309, 504]",118.2920036315918,6.6152284145355225
10,9,584,"[0, 1, 9, 11, 12, 17, 18, 20, 22, 25]",13.705,13.705,"[20, 98, 249]","[20, 98, 249]",48.93552994728088,3.135223627090454
10,10,572,"[0, 4, 7, 10, 11, 15, 16, 20, 21, 23]",10.748,10.748,"[1, 42, 61, 214]","[1, 42, 61, 214]",71.14548802375793,9.204724311828612
10,11,761,"[0, 4, 6, 7, 8, 10, 12, 13, 20, 26]",5.896,5.896,"[135, 497, 648]","[135, 497, 648]",126.1760959625244,8.612301349639893
10,13,779,"[0, 1, 4, 5, 6, 13, 16, 18, 21, 25]",14.686,14.686,"[18, 332, 553]","[18, 332, 553]",102.6755702495575,5.0485382080078125
10,14,818,"[2, 4, 5, 7, 16, 17, 19, 20, 25, 26]",7.763,7.763,"[19, 119, 264]","[19, 119, 264]",134.12533688545227,5.863612651824951
10,15,581,"[0, 3, 4, 13, 14, 15, 16, 17, 18, 24]",4.694,4.694,"[18, 169, 459]","[18, 169, 459]",43.49497437477112,3.9834024906158447
10,16,635,"[0, 2, 3, 11, 13, 14, 15, 18, 19, 20]",3.331,3.331,"[95, 619]","[95, 619]",60.27820944786072,4.05961275100708
10,17,741,"[0, 1, 3, 8, 14, 15, 19, 20, 22, 25]",10.827,10.827,"[305, 402, 716]","[305, 402, 716]",101.91368246078493,5.041606187820435
10,18,614,"[0, 2, 4, 7, 12, 14, 15, 18, 20, 23]",4.931,4.931,"[50, 70, 394]","[50, 70, 394]",59.1354546546936,3.9824295043945312
10,19,756,"[0, 3, 6, 7, 12, 14, 17, 19, 23, 25]",5.611999999999999,5.612,"[126, 617, 623, 744]","[126, 617, 623, 744]",126.2604751586914,10.872925281524658
10,20,788,"[1, 2, 6, 7, 8, 10, 15, 17, 19, 22]",9.826,9.826,"[148, 332, 677]","[148, 332, 677]",144.15385031700134,8.445470571517944
10,21,449,"[11, 12, 15, 16, 17, 18, 20, 21, 22, 25]",10.682,10.682,"[19, 84, 128]","[19, 84, 128]",23.392672538757324,4.629912853240967
10,22,895,"[2, 5, 6, 8, 11, 13, 16, 18, 24, 25]",1.834,1.834,"[486, 492]","[486, 492]",245.67437267303467,6.89824366569519
10,23,769,"[8, 10, 11, 12, 13, 14, 16, 18, 20, 24]",1.875,1.875,"[26, 88]","[26, 88]",135.3989896774292,7.127172946929932
10,24,759,"[0, 1, 2, 6, 9, 11, 18, 19, 23, 24]",9.721,9.721,"[143, 201, 321]","[143, 201, 321]",130.93327140808103,59.23816275596619
10,25,775,"[4, 5, 15, 18, 19, 20, 21, 23, 25, 26]",17.253000000000004,17.253,"[16, 213, 335, 636]","[16, 213, 335, 636]",165.0095558166504,10.487412452697754
10,26,886,"[0, 5, 6, 7, 9, 15, 18, 20, 24, 26]",4.915,4.915,"[64, 96, 157]","[64, 96, 157]",240.8146810531616,6.149856328964233
10,27,787,"[6, 7, 9, 12, 16, 18, 19, 23, 24, 26]",5.944,5.944,"[58, 140, 735]","[58, 140, 735]",110.81845664978027,8.834306001663208
10,28,597,"[0, 2, 6, 11, 12, 16, 17, 18, 21, 22]",5.912,5.912,"[464, 517, 524]","[464, 517, 524]",48.172595500946045,8.295868873596191
10,29,773,"[0, 3, 8, 10, 12, 21, 22, 23, 25, 26]",15.635,15.635,"[27, 55, 82, 138, 264]","[27, 55, 82, 138, 264]",116.78927159309389,7.433457136154175
10,30,698,"[2, 4, 6, 7, 12, 13, 16, 18, 19, 20]",2.962,2.962,"[167, 451]","[167, 451]",101.18482756614684,5.033696889877319
12,1,858,"[0, 1, 4, 5, 9, 10, 11, 14, 16, 18, 23, 24]",11.739,11.739,"[23, 310, 367]","[23, 310, 367]",413.2115046977997,29.67456150054932
12,2,605,"[0, 1, 3, 6, 10, 12, 14, 16, 21, 22, 25, 26]",33.389,33.389,"[21, 102, 267, 336, 528]","[21, 102, 267, 336, 528]",110.93184995651244,124.75220704078674
12,3,897,"[2, 3, 5, 8, 10, 12, 15, 16, 17, 20, 21, 23]",8.785,8.785,"[68, 802, 868]","[68, 802, 868]",398.69522643089294,27.833244562149048
12,4,862,"[3, 6, 7, 8, 12, 17, 18, 19, 21, 22, 24, 26]",13.733,13.733,"[56, 290, 678, 693]","[56, 290, 678, 693]",416.34362387657166,46.62017154693604
12,5,773,"[0, 1, 2, 6, 8, 9, 15, 17, 20, 21, 25, 26]",26.32,26.32,"[12, 125, 323, 547]","[12, 125, 323, 547]",280.90370416641235,27.07198715209961
12,6,760,"[0, 4, 5, 6, 13, 15, 16, 17, 20, 22, 25, 26]",14.486,14.486,"[0, 13, 344, 610]","[0, 13, 344, 610]",225.96773314476013,56.61600637435913
12,7,865,"[4, 5, 8, 10, 11, 12, 14, 15, 20, 24, 25, 26]",8.585,8.585,"[1, 18, 143, 388]","[1, 18, 143, 388]",339.74000120162964,29.72304344177246
12,8,783,"[1, 6, 8, 10, 11, 13, 14, 15, 19, 22, 23, 24]",10.857,10.857,"[147, 329, 627]","[147, 329, 627]",259.667484998703,7.582418203353882
12,9,866,"[0, 1, 7, 8, 9, 11, 12, 17, 18, 20, 22, 25]",13.705,13.705,"[29, 146, 366]","[29, 146, 366]",376.0241265296936,22.087358713150024
12,10,614,"[0, 4, 7, 10, 11, 12, 15, 16, 18, 20, 21, 23]",10.892,10.892,"[1, 80, 425]","[1, 80, 425]",143.7687442302704,14.013578653335571
14,1,867,"[0, 1, 4, 5, 9, 10, 11, 12, 14, 15, 16, 18, 23, 24]",15.162,15.162,"[118, 161, 372, 859]","[118, 161, 372, 859]",175.97427320480347,36.01189923286438
14,2,803,"[0, 1, 3, 6, 8, 10, 12, 14, 16, 19, 21, 22, 25, 26]",35.355000000000004,35.355000000000004,"[140, 340, 342, 350, 706]","[140, 340, 342, 350, 706]",128.4560990333557,136.61650824546814
14,3,901,"[2, 3, 4, 5, 8, 10, 12, 15, 16, 17, 20, 21, 23, 25]",10.843,10.843,"[0, 59, 92, 562]","[0, 59, 92, 562]",226.3848705291748,10.829105615615845
14,4,875,"[2, 3, 4, 6, 7, 8, 12, 17, 18, 19, 21, 22, 24, 26]",14.76,14.760000000000002,"[57, 293, 457, 698]","[57, 293, 457, 698]",284.8981337547302,13.74956202507019
14,5,780,"[0, 1, 2, 6, 8, 9, 10, 13, 15, 17, 20, 21, 25, 26]",26.605,26.605,"[134, 136, 247, 326, 421]","[134, 136, 247, 326, 421]",149.11649870872498,6.4612438678741455
14,6,783,"[0, 4, 5, 6, 13, 14, 15, 16, 17, 20, 21, 22, 25, 26]",21.386,21.386000000000003,"[13, 17, 558, 629]","[13, 17, 558, 629]",183.15708565711972,8.406098365783691
14,7,895,"[3, 4, 5, 8, 10, 11, 12, 14, 15, 20, 21, 24, 25, 26]",14.732,14.732,"[1, 87, 259, 294]","[1, 87, 259, 294]",271.6018817424774,13.341550588607788
14,8,855,"[1, 2, 3, 6, 8, 10, 11, 13, 14, 15, 19, 22, 23, 24]",18.626,18.626,"[239, 356, 545, 677]","[239, 356, 545, 677]",256.16361904144287,297.02813720703125
14,9,892,"[0, 1, 3, 7, 8, 9, 10, 11, 12, 17, 18, 20, 22, 25]",13.705,13.705,"[31, 153, 379]","[31, 153, 379]",286.241854429245,10.708078384399414
14,10,729,"[0, 4, 7, 9, 10, 11, 12, 15, 16, 17, 18, 20, 21, 23]",12.795000000000002,12.795000000000002,"[1, 47, 72, 569]","[1, 47, 72, 569]",2634.1072821617126,8.283742666244507
16,1,871,"[0, 1, 4, 5, 9, 10, 11, 12, 14, 15, 16, 18, 22, 23, 24, 26]",22.669,22.669,"[1, 152, 373, 695]","[1, 152, 373, 695]",220.37830996513367,16.519390106201172
16,2,878,"[0, 1, 3, 6, 8, 9, 10, 12, 14, 16, 18, 19, 21, 22, 25, 26]",35.355,35.355,"[157, 373, 376, 384, 770]","[157, 373, 376, 384, 770]",284.76553678512573,181.55180478096008
16,3,910,"[2, 3, 4, 5, 8, 10, 12, 15, 16, 17, 20, 21, 22, 23, 25, 26]",22.647,22.647,"[0, 60, 93, 303, 727]","[0, 60, 93, 303, 727]",320.8842525482178,17.28502058982849
16,4,887,"[0, 2, 3, 4, 6, 7, 8, 12, 16, 17, 18, 19, 21, 22, 24, 26]",14.760000000000002,14.760000000000002,"[57, 296, 462, 708]","[57, 296, 462, 708]",311.7362277507782,9.143902063369753
16,5,894,"[0, 1, 2, 6, 7, 8, 9, 10, 13, 15, 17, 20, 21, 23, 25, 26]",30.613,30.613,"[160, 292, 380, 484, 764]","[160, 292, 380, 484, 764]",336.37373971939087,21.73999929428101
16,6,794,"[0, 1, 4, 5, 6, 11, 13, 14, 15, 16, 17, 20, 21, 22, 25, 26]",43.102,43.102,"[14, 18, 338, 566, 637]","[14, 18, 338, 566, 637]",224.2690188884735,23.120007753372192
16,7,903,"[1, 3, 4, 5, 8, 10, 11, 12, 14, 15, 20, 21, 22, 24, 25, 26]",40.039,40.03899999999999,"[26, 262, 298, 383, 606]","[26, 262, 298, 383, 606]",276.0414664745331,61.01955461502075
16,8,871,"[0, 1, 2, 3, 4, 6, 8, 10, 11, 13, 14, 15, 19, 22, 23, 24]",19.544,19.544,"[26, 243, 365, 690]","[26, 243, 365, 690]",284.9333333969116,14.282629251480104
16,9,983,"[0, 1, 3, 5, 7, 8, 9, 10, 11, 12, 17, 18, 19, 20, 22, 25]",13.705,13.705,"[33, 168, 416]","[33, 168, 416]",467.9730970859528,16.415393590927124
16,10,733,"[0, 1, 4, 7, 9, 10, 11, 12, 15, 16, 17, 18, 20, 21, 23, 25]",29.699,29.699,"[1, 47, 72, 315, 453]","[1, 47, 72, 315, 453]",125.75793504714966,34.74146866798401
18,1,908,"[0, 1, 2, 4, 5, 7, 9, 10, 11, 12, 14, 15, 16, 18, 22, 23, 24, 26]",22.669000000000004,22.669,"[1, 163, 388, 723]","[1, 163, 388, 723]",233.2973210811615,13.71589422225952
18,2,884,"[0, 1, 3, 6, 8, 9, 10, 12, 14, 15, 16, 18, 19, 21, 22, 24, 25, 26]",37.128,37.128,"[157, 375, 378, 776, 858]","[157, 375, 378, 776, 858]",200.29807114601132,128.02578282356262
18,3,945,"[1, 2, 3, 4, 5, 8, 10, 12, 15, 16, 17, 18, 20, 21, 22, 23, 25, 26]",44.97,44.97,"[29, 312, 319, 404, 755]","[29, 312, 319, 404, 755]",329.4231307506561,255.69160199165344
18,4,891,"[0, 2, 3, 4, 6, 7, 8, 10, 12, 15, 16, 17, 18, 19, 21, 22, 24, 26]",18.583,18.583,"[20, 57, 473, 702]","[20, 57, 473, 702]",256.36209893226624,24.39966607093811
18,5,920,"[0, 1, 2, 6, 7, 8, 9, 10, 13, 14, 15, 17, 20, 21, 22, 23, 25, 26]",30.613,30.613,"[166, 301, 392, 503, 788]","[166, 301, 392, 503, 788]",325.7443995475769,19.457542419433597
18,6,854,"[0, 1, 2, 4, 5, 6, 9, 11, 13, 14, 15, 16, 17, 20, 21, 22, 25, 26]",43.102,43.102,"[15, 19, 361, 607, 678]","[15, 19, 361, 607, 678]",234.12883472442627,25.97348713874817
18,7,934,"[1, 3, 4, 5, 8, 10, 11, 12, 14, 15, 18, 19, 20, 21, 22, 24, 25, 26]",40.039,40.039,"[28, 277, 314, 400, 629]","[28, 277, 314, 400, 629]",379.17862486839294,62.37819004058838
18,8,897,"[0, 1, 2, 3, 4, 6, 8, 9, 10, 11, 13, 14, 15, 19, 22, 23, 24, 26]",33.26599999999999,33.266,"[168, 291, 371, 374, 710]","[168, 291, 371, 374, 710]",294.0507526397705,354.1109802722931
18,9,1003,"[0, 1, 3, 5, 7, 8, 9, 10, 11, 12, 17, 18, 19, 20, 22, 23, 24, 25]",20.616000000000003,20.616,"[425, 631, 819, 879]","[425, 631, 819, 879]",448.6623356342316,123.87669634819032
18,10,928,"[0, 1, 4, 6, 7, 8, 9, 10, 11, 12, 15, 16, 17, 18, 20, 21, 23, 25]",29.699,29.699,"[1, 57, 89, 393, 577]","[1, 57, 89, 393, 577]",343.458713054657,53.942344188690186
20,1,914,"[0, 1, 2, 4, 5, 7, 9, 10, 11, 12, 13, 14, 15, 16, 18, 20, 22, 23, 24, 26]",33.266000000000005,33.266000000000005,"[174, 307, 386, 389, 727]","[174, 307, 386, 389, 727]",346.2324566841125,444.7320849895477
20,2,962,"[0, 1, 3, 5, 6, 8, 9, 10, 12, 13, 14, 15, 16, 18, 19, 21, 22, 24, 25, 26]",37.292,37.292,"[27, 173, 409, 845, 933]","[27, 173, 409, 845, 933]",579.6998755931854,213.1992359161377
20,3,950,"[1, 2, 3, 4, 5, 8, 10, 11, 12, 15, 16, 17, 18, 19, 20, 21, 22, 23, 25, 26]",44.97,44.96999999999999,"[30, 314, 321, 406, 758]","[30, 314, 321, 406, 758]",505.05503487586975,329.78559136390686
20,4,985,"[0, 2, 3, 4, 5, 6, 7, 8, 10, 12, 13, 15, 16, 17, 18, 19, 21, 22, 24, 26]",22.616,22.616,"[22, 516, 775, 883]","[22, 516, 775, 883]",738.210432767868,120.23091530799866
20,5,1002,"[0, 1, 2, 5, 6, 7, 8, 9, 10, 13, 14, 15, 17, 18, 20, 21, 22, 23, 25, 26]",30.613,30.613,"[183, 330, 424, 549, 862]","[183, 330, 424, 549, 862]",677.9736561775208,33.703113317489624
20,6,899,"[0, 1, 2, 4, 5, 6, 9, 11, 13, 14, 15, 16, 17, 19, 20, 21, 22, 23, 25, 26]",43.102,43.102,"[17, 22, 383, 644, 718]","[17, 22, 383, 644, 718]",438.800274848938,19.112232208251957
20,7,950,"[0, 1, 2, 3, 4, 5, 8, 10, 11, 12, 14, 15, 18, 19, 20, 21, 22, 24, 25, 26]",40.039,40.039,"[28, 278, 315, 402, 636]","[28, 278, 315, 402, 636]",316.8839955329895,63.64719724655152
20,8,924,"[0, 1, 2, 3, 4, 6, 8, 9, 10, 11, 13, 14, 15, 18, 19, 20, 22, 23, 24, 26]",33.26599999999999,33.266000000000005,"[176, 306, 386, 389, 733]","[176, 306, 386, 389, 733]",290.50364327430725,258.7780673503876
20,9,1003,"[0, 1, 3, 5, 7, 8, 9, 10, 11, 12, 17, 18, 19, 20, 21, 22, 23, 24, 25, 26]",37.182,37.182,"[30, 63, 337, 425, 802]","[30, 63, 337, 425, 802]",347.90376257896423,12.8656587600708
20,10,945,"[0, 1, 2, 4, 6, 7, 8, 9, 10, 11, 12, 14, 15, 16, 17, 18, 20, 21, 23, 25]",29.699,29.699,"[1, 59, 91, 403, 590]","[1, 59, 91, 403, 590]",288.7657542228699,16.999671459197998
